case_id,criterion,pull,argument
C-1,requirements,predictive,"Формат визначений опублікованим наказом і стабільний"
C-1,technology,adaptive,"Нове API має неповну документацію та двічі змінювало методи без оголошення"
C-1,release_cost,predictive,"Помилка призводить до відхилення звітності та ручного повторного подання"
C-1,customer,predictive,"На листи відповідає за 3-5 днів, на щотижневі демо не приходить"
C-1,contract,predictive,"Fixed price, роботу виграно на тендері"
C-1,team,predictive,"Троє з команди працюють як підрядники у своєму робочому графіку, тестувальник ділиться між двома проєктами"
C-2,requirements,adaptive,"Беклог часто переписуєтться, щорічного плану функцій немає"
C-2,technology,predictive,"Стек звичний команді, платежі йдуть через зовнішнього провайдера з нормальною документацією"
C-2,release_cost,predictive,"Повернення коштів робиться вручну,скарги у підтримку і в застосунок магазину"
C-2,customer,adaptive,"Дивиться демо щоп'ятниці, відповідає за півгодини, дає нові гіпотези"
C-2,contract,adaptive,"Продукт власний, зафіксовані гроші і дата коли вони закінчаться"
C-2,team,adaptive,"Є основні компетенції для створення продукту, команда може працювати автономно без очікування рішення від іншої сторони"
C-3,requirements,adaptive,"Реальну послідовність погодження знають лише 3 людини, у кожного своя версію щодо деяких кроків. На демо з'ясовуються винятки: для деяких договорів погодження не потрібне, для оренди є окрема форма"
C-3,technology,predictive,"Дані треба перенести з системи до якої немає документації, якість даних невідома"
C-3,release_cost,predictive,"Помилка виявляється вже після платежів контрагентам раз на місяць"
C-3,customer,adaptive,"Замовниця дає розгорнутий зворотній зв'язок, зацікавлена в проєкті, на демо приводить своїх людей"
C-3,contract,predictive,"Договір fixed price, зміни обсягу оформлюється протоколом"
C-3,team,adaptive,"Усі в одному офісі, беруть суміжні задачі"
